freq MHz,A_I,A_Q,alpha_1,alpha_2,gamma
3000,0.049833389475771046,0.052791030691142493,-0.61956119127362941,1.0698218584603412,-1.6893830497339706
3010,0.049828041686141987,0.052215474783972315,0.39431290645382189,1.9219615481006997,-1.527648641646878
3020,0.049193458313548051,0.051637337009238768,-0.68723216988749369,1.0219607879548773,-1.709192957842371
3030,0.048844646246428092,0.051794658807753705,0.069140610716863088,1.6322440792096167,-1.5631034684927536
3040,0.049900453808123427,0.05146681000544194,-0.15551832953230585,1.4248837873201956,-1.5804021168525015
3050,0.049233782387527562,0.052358948547920295,-0.47567164470715795,1.1689654966132959,-1.6446371413204539
3060,0.050943632372543173,0.052493922459742534,0.57701898941545171,2.0896030353858643,-1.5125840459704127
3070,0.050412239586827758,0.053085789513561465,-0.54218578815966978,1.1094669068511274,-1.6516526950107973
3080,0.051269289961570742,0.053149442542730616,0.64457043314919615,2.1237114864619997,-1.4791410533128035
3090,0.051104982003977006,0.052767310827677091,-0.60901957102192561,1.0326243616489501,-1.6416439326708758
3100,0.050392139077310841,0.052606660803955194,0.44921694291474717,1.9711661721888991,-1.5219492292741519
3110,0.050660807429957426,0.051679657737274509,0.58982017744381066,2.1176952492949628,-1.527875071851152
3120,0.049661342554203909,0.05166992601278525,-0.021348500834309933,1.551076220522327,-1.5724247213566369
3130,0.050321969207472728,0.050993091674094902,0.7420335476950205,2.2338047306304016,-1.491771182935381
3140,0.049652343373441162,0.05138280355658114,-0.38796300125515143,1.2143680903530876,-1.6023310916082389
3150,0.050484915210084504,0.051209102678997587,0.78522557516689018,2.2374172736320492,-1.4521916984651591
3160,0.050563378741712135,0.05150495164154386,-0.54441605585194663,1.0589980179381842,-1.6034140737901308
3170,0.050853854674210663,0.051546234064797934,0.77432524780411771,2.2399096590004164,-1.4655844111962986
3180,0.051064528137090594,0.051463466987246839,0.7350223628065965,2.2549361546783135,-1.5199137918717169
3190,0.050565356724576717,0.05152081813909179,0.62172083886555907,2.1449866146627241,-1.523265775797165
3200,0.051001276453118791,0.050979392239174443,-0.73890331129414311,0.74376040568811419,-1.4826637169822572
3210,0.050773452614579703,0.051001951670982759,0.79846222184975368,2.288029305297429,-1.4895670834476753
3220,0.050727069469289052,0.050858591448095,-0.77218322978723763,0.73287247903277075,-1.5050557088200085
3230,0.050562033864387658,0.051047982798485117,0.68182353103133142,2.2144368004708661,-1.5326132694395347
3240,0.051064782757484939,0.050980297392269815,-0.73953551967034192,0.76417650995160535,-1.5037120296219473
3250,0.051095108679267899,0.051493230166391485,0.6005895381414208,2.1524295680992598,-1.551840029957839
3260,0.051514933632916905,0.051572324721737207,0.81626453291606726,2.3107638918740365,-1.4944993589579694
3270,0.051387171872189573,0.051835193026998086,-0.27353584776260881,1.3024856145786106,-1.5760214623412194
3280,0.051932037693718618,0.051735077668356409,-0.72366701796134592,0.78086002478056349,-1.5045270427419095
3290,0.051691815806558163,0.052020397391293757,0.63491179774978768,2.1865953764033166,-1.5516835786535288
3300,0.051565377903706862,0.05180199323001846,0.73970824871290375,2.2747142030092244,-1.5350059542963206
3310,0.051558617676598729,0.051772639683120909,0.60989271518121069,2.1697489657041427,-1.5598562505229321
3320,0.051566924297536385,0.05182362238911517,0.67525207878741134,2.2258068747709361,-1.5505547959835249
3330,0.051729783240325719,0.052051786271635481,0.62958068984780213,2.1822485479844538,-1.5526678581366515
3340,0.05148993861804077,0.052075418420815082,-0.50949155151465331,1.0789626088508633,-1.5884541603655165
3350,0.051924320543558604,0.052258541729742383,0.46345558121876507,2.0258521988499139,-1.5623966176311488
3360,0.051998629358826522,0.052619413082761538,-0.51660338630311364,1.0732604669716075,-1.5898638532747211
3370,0.052345489364266813,0.052763301142287208,0.0080871119488862154,1.5787558576751854,-1.5706687457262993
3380,0.052274802135232661,0.05305612942683726,-0.59358271014139818,1.0106810532787787,-1.6042637634201768
3390,0.05248977499782622,0.053036365196220847,-0.33588011124732242,1.2430166724043019,-1.5788967836516243
3400,0.052801129877505036,0.053473499909034335,-0.59211317780660233,1.0073732914404472,-1.5994864692470494
3410,0.052908021236745241,0.053581633759752792,-0.48737525202057697,1.1013665788592979,-1.5887418308798749
3420,0.053138900833711894,0.054037589441375287,-0.58486753081382348,1.0218169228000047,-1.6066844536138283
3430,0.053206182253598668,0.054084358810984591,-0.56730529253151718,1.0358229530485419,-1.6031282455800591
3440,0.053753464992839409,0.054463475341727352,-0.48536437602297378,1.1038678264713289,-1.5892322024943026
3450,0.053661271219991175,0.054689944201627351,-0.61186715321188578,1.004714318521974,-1.6165814717338598
3460,0.053538144730537508,0.054517986864778309,-0.40966863597661574,1.1798213562088715,-1.5894899921854873
3470,0.053303809008619578,0.054394091863242643,-0.57186086885055976,1.0390481152213775,-1.6109089840719373
3480,0.053298699177542999,0.054091307163813947,-0.14547003906218553,1.4296762229907714,-1.5751462620529568
3490,0.052976483927027293,0.054250960404146682,-0.55807539910831327,1.0563766092876046,-1.6144520083959177
3500,0.052513363267419011,0.0538047463523443,-0.34098858015458322,1.2487739250530103,-1.5897625052075934
3510,0.053127652535666495,0.054306820739299572,-0.40437727621529945,1.1884236675988977,-1.5928009438141972
3520,0.05334068257034176,0.054693620552545882,-0.40578465599912938,1.1901030661145127,-1.595887722113642
3530,0.053971249314080642,0.055579457706100059,-0.38453587393460298,1.2131730056522081,-1.5977088795868111
3540,0.054162313872611723,0.055728203174505511,-0.56198409023331786,1.0610387215348678,-1.6230228117681857
3550,0.054960604069568347,0.056417136707213364,0.016276552107644785,1.5862430264822409,-1.569966474374596
3560,0.055067247060725619,0.056721252426175164,-0.49461472418889635,1.1173598260201225,-1.6119745502090188
3570,0.054562260198361245,0.056349128153713485,-0.20497508813881887,1.3793059248418458,-1.5842810129806646
3580,0.054215639451259699,0.055856614120535247,-0.53558867492760376,1.0839672084347356,-1.6195558833623394
3590,0.053357923764295621,0.055234830029804144,-0.083606004634092332,1.492823137941711,-1.5764291425758032
3600,0.053382503730638041,0.055145209638822197,-0.3024072708121755,1.2898200373810838,-1.5922273081932592
3610,0.052295636637600444,0.054148182129129009,-0.47244108004224949,1.1422649297632239,-1.6147060098054733
3620,0.052712131012651056,0.054652751973275272,-0.14009172447902893,1.4407126359060094,-1.5808043603850384
3630,0.052656930376864843,0.05461529208184436,-0.35479083827165986,1.2455171519055732,-1.600307990177233
3640,0.05343692497521834,0.055626997662977969,0.12010216964386615,1.6814663663437621,-1.5613641966998959
3650,0.053649186264254654,0.055671108993818968,-0.43352648393561061,1.1774299553669167,-1.6109564393025273
3660,0.053767688493157745,0.056158500089495453,0.0057722066108261911,1.5760875009928765,-1.5703152943820504
3670,0.055159628285075687,0.057293892078774958,-0.037446720801478109,1.5360920903946897,-1.5735388111961679
3680,0.054332604717700066,0.056860329819831648,-0.11956921275333834,1.4617980416415823,-1.5813672543949207
3690,0.054721743569970567,0.057023839587570048,-0.046923194642530787,1.5275949742977579,-1.5745181689402887
3700,0.053834642885890412,0.056217057189233512,0.011224263364828567,1.5810892682769704,-1.5698650049121419
3710,0.054207335283033162,0.056773638890647155,0.35049063224226856,1.8850744526280625,-1.534583820385794
3720,0.053378829886281544,0.055699107976561038,-0.058492006549992086,1.5170953258584641,-1.5755873324084562
3730,0.052913014405064553,0.05551537714881917,0.32953961453304081,1.8657726143198894,-1.5362329997868485
3740,0.053497544479247927,0.055819312063597054,0.26234505648764028,1.8098719575908984,-1.5475269011032582
3750,0.053045333899043784,0.055779294409038213,0.33648905386236022,1.870233169775954,-1.5337441159135938
3760,0.053846344412220512,0.056392886412410886,0.32328753986570979,1.8615441801141634,-1.5382566402484537
3770,0.053539734142012282,0.056040515263211278,0.33313985749376263,1.8704887588277463,-1.5373489013339836
3780,0.054306394607347798,0.05713877225928863,0.49511809125778067,1.9988624488511655,-1.5037443575933849
3790,0.054581260775333741,0.05714178554385594,0.38962743202114869,1.9188138913434705,-1.5291864593223217
3800,0.054584271604712631,0.057373880766475878,0.48852835496407726,1.9949886608000325,-1.5064603058359551
3810,0.054790635335603965,0.057351958035471648,0.48082516482305937,1.9937088926286375,-1.512883727805578
3820,0.05472657230339921,0.057471788901829572,0.55487625806469898,2.0446450895812394,-1.4897688315165403
3830,0.05509982895389786,0.05770758810626244,0.5271852239271736,2.0284690630647244,-1.5012838391375509
3840,0.05441668630311821,0.057083371979151531,0.55127630899903446,2.0436706533903473,-1.4923943443913128
3850,0.0547068427007786,0.05731370984412773,0.59502825875118959,2.0748807619663072,-1.4798525032151177
3860,0.054596990318690558,0.056948579200076829,0.5963794376794892,2.0828211658960649,-1.4864417282165756
3870,0.054535216882721158,0.057086357849778863,0.60236788748996606,2.0808392582537216,-1.4784713707637556
3880,0.054467987413702561,0.056843169599557888,0.59886161400492599,2.0835876466792094,-1.4847260326742835
3890,0.054496429964258672,0.056722804364649958,0.64528914945490079,2.1162404592926758,-1.4709513098377749
3900,0.055058417673996524,0.057145707345538171,0.63201934440770491,2.113987754747503,-1.4819684103397981
3910,0.055025484595319779,0.05712005246312276,0.63970174892841425,2.1182492620415214,-1.4785475131131072
3920,0.055420910527139489,0.05748720120188025,0.64509885250712362,2.122842062504823,-1.4777432099976995
3930,0.055715000812896917,0.057453904080435055,0.66543876106362032,2.146636135485215,-1.4811973744215947
3940,0.056129673877723864,0.057800805112393494,0.66763797937177827,2.1510159158159121,-1.4833779364441337
3950,0.056335035246035871,0.057965537873239825,0.6647190976909042,2.1512380666683972,-1.4865189689774931
3960,0.056390105838749788,0.057882055301945429,0.68375110870947331,2.1674156468973877,-1.4836645381879143
3970,0.056670530609509585,0.058031130438648944,0.67920377196386572,2.1710587144075908,-1.4918549424437251
3980,0.056867833748446818,0.058022323130742834,0.70031803264064618,2.1922555846223974,-1.4919375519817513
3990,0.057074563775816697,0.058307021446153594,0.69177198230579906,2.1842085302407694,-1.4924365479349704
4000,0.057242297937567355,0.05836533045613021,0.69122748144382651,2.1894064308954735,-1.4981789494516469
4010,0.057702782787739736,0.05862535907622158,0.70511007450376462,2.2078522817493331,-1.5027422072455685
4020,0.058101871840918702,0.059065426996067212,0.70462120666610573,2.2056925266846013,-1.5010713200184955
4030,0.05835249502792237,0.059395542847893043,0.68616431519597176,2.1914990465431945,-1.5053347313472227
4040,0.058727932882010711,0.059677326096636674,0.68767204921135749,2.1974086212047221,-1.5097365719933646
4050,0.059160110770548738,0.059897256421272388,0.7082905635766592,2.2215503315103371,-1.5132597679336779
4060,0.059334165530298223,0.060257757957039026,0.68999197378962507,2.2006205895798847,-1.5106286157902598
4070,0.059321784019994946,0.060296808709666243,0.66702862149439579,2.1834697434940624,-1.5164411219996667
4080,0.059541510210587074,0.060348087956359556,0.68134253538547374,2.2013749425591529,-1.5200324071736793
4090,0.05975005966456718,0.060544980747128198,0.68819509848881188,2.2065858281001005,-1.5183907296112886
4100,0.059904036154813753,0.060778994842464795,0.6675118677283659,2.1888929353530537,-1.5213810676246879
4110,0.060091916806108994,0.061004767754807315,0.65759558017294106,2.1803209698800656,-1.5227253897071247
4120,0.060478332004762936,0.061331099104179311,0.66376434023061859,2.1876989919817449,-1.5239346517511263
4130,0.060836382453583936,0.061741121828473029,0.65201393287044729,2.1771439981655791,-1.5251300652951318
4140,0.061166684123509861,0.062044619761618104,0.63445835476234569,2.1652336363546918,-1.5307752815923461
4150,0.061394548023033235,0.062367811823344298,0.606851100285694,2.1399234651577403,-1.5330723648720463
4160,0.061515157235237268,0.062486751276359241,0.58510345297022903,2.1221346504062524,-1.5370311974360233
4170,0.06162590760235629,0.062541479054559299,0.52356483901692208,2.070196145118814,-1.5466313061018919
4180,0.06159383977586471,0.062593687816742627,0.46692017647781686,2.0168786104809282,-1.5499584340031114
4190,0.06150941011739721,0.062597383093785944,0.36631431022757993,1.9218179503277195,-1.5555036401001396
4200,0.061456182947321955,0.062468994998545496,0.16253890844267316,1.7279249409019248,-1.5653860324592517
4210,0.061523538261778032,0.062577782229929976,-0.031341043944253105,1.5405036941705406,-1.5718447381147937
4220,0.061486879308733686,0.062689579527072034,-0.15326455427580996,1.423534411463133,-1.576798965738943
4230,0.061538447101331585,0.062748352223557194,-0.24975891797656244,1.3313997811917795,-1.581158699168342
4240,0.061757669670319003,0.062991081442311372,-0.36608677027386904,1.2218757158154443,-1.5879624860893133
4250,0.06190672865166965,0.063261684350089137,-0.38931975155244236,1.2019723348624232,-1.5912920864148656
4260,0.062130021004996004,0.0635698328915804,-0.28964589589499273,1.2956631014881066,-1.5853089973830994
4270,0.06221193940143397,0.063724808619051374,-0.36022856557640365,1.2308076988152139,-1.5910362643916176
4280,0.062512253717031369,0.064019148394029862,-0.33564280321554668,1.2533714240618525,-1.5890142272773993
4290,0.062650144408603656,0.06424222735953497,-0.29244076032454785,1.2943948141561323,-1.5868355744806801
4300,0.06269873649671559,0.06437528286286115,-0.13086121625621794,1.4468079729027805,-1.5776691891589985
4310,0.062732831662151975,0.064409567825579633,-0.19389556614041306,1.3873520886376578,-1.5812476547780709
4320,0.062718110887419382,0.064386240151041066,-0.17245006582159272,1.4075038336009607,-1.5799538994225535
4330,0.06282359295368356,0.06447607035045852,-0.027124814664522032,1.5450453229379784,-1.5721701376025004
4340,0.062683283740450041,0.064436098333553266,0.057640102636198343,1.6253305077527009,-1.5676904051165026
4350,0.062804799771830289,0.064480006163475642,0.1046167284733704,1.6699742147937722,-1.5653574863204018
4360,0.062873899901744051,0.064623971267482594,0.085422908898382041,1.6516138985931008,-1.5661909896947188
4370,0.063158228361756996,0.064860813556475022,0.32896407441885367,1.8800365181724754,-1.5510724437536219
4380,0.063309908726805378,0.065188646455044644,0.2460186871195742,1.8017098496026187,-1.5556911624830445
4390,0.063543009345527479,0.065444574565350314,0.32587849118654849,1.8751736886598926,-1.5492951974733442
4400,0.063893316401869821,0.06577035594076637,0.34648875943212071,1.8943540351037944,-1.5478652756716738
4410,0.064011567639256417,0.065979723338146168,0.44887550860162173,1.9843480074964885,-1.5354724988948667
4420,0.064021292750978107,0.066082916928028687,0.43832507947212113,1.9737010234910548,-1.5353759440189336
4430,0.064001568926841182,0.065969644588520671,0.47061811753861343,2.0030523568003904,-1.5324342392617769
4440,0.064005180438123283,0.065835736326867719,0.54432586302988661,2.067066472086891,-1.5227406090570044
4450,0.063749801902008213,0.065746444931473066,0.53618974887116189,2.056607892525693,-1.5204181436545312
4460,0.063691280564085573,0.065591838665993829,0.5666438947108503,2.0826840833208475,-1.5160401886099972
4470,0.063780341665895815,0.065584560094975375,0.57654799847011529,2.0928008054531988,-1.5162528069830836
4480,0.063875826533938751,0.065693283138307038,0.61278418231705756,2.119087192597672,-1.5063030102806145
4490,0.064073417135236677,0.065983238545122391,0.60858158719485067,2.1136147950420154,-1.5050332078471649
4500,0.064243450109030931,0.066147895873023568,0.61873942434242912,2.1209350031694942,-1.5021955788270651
4510,0.064420864027190217,0.066314425688813003,0.62566071502330312,2.1260854242771425,-1.5004247092538394
4520,0.064463119566629493,0.066339930979875561,0.64771877459425353,2.1408135006517988,-1.4930947260575453
4530,0.064395083028020147,0.066276498732088601,0.65155493371926898,2.142933116577022,-1.491378182857753
4540,0.064156635451760022,0.066093666514153104,0.64599089081997785,2.1374955664524578,-1.4915046756324799
4550,0.063879943936739708,0.065738427163921809,0.66019432391506372,2.1483118360032831,-1.4881175120882193
4560,0.063860667305094751,0.065541233286731282,0.68010755419431501,2.1658417016596765,-1.4857341474653616
4570,0.063684257671546257,0.065546084747239872,0.66950890351183556,2.1532529241521621,-1.4837440206403265
4580,0.06370197806673765,0.065609656426234134,0.65992655438854519,2.1462897687971436,-1.4863632144085983
4590,0.063888608556891657,0.06562162560546371,0.68009351431568044,2.1638755563673699,-1.4837820420516894
4600,0.064166460492971325,0.065833978970700882,0.6899968052072285,2.171770450898217,-1.4817736456909885
4610,0.064135836032449753,0.066069603284721987,0.67118945118428019,2.1521029430155387,-1.4809134918312585
4620,0.063979613837611846,0.06587874999958615,0.67324606674352827,2.1542608900608795,-1.4810148233173512
4630,0.063973474814223455,0.06561537211719054,0.68916673278720353,2.1721666020696269,-1.4829998692824233
4640,0.063651512989427048,0.06540439098230684,0.69219655692589144,2.1689713476300643,-1.4767747907041728
4650,0.063300985824816761,0.065162887630196842,0.67735181957938773,2.1570463333631134,-1.4796945137837256
4660,0.062932432943583333,0.064781438354728285,0.67451035031659623,2.1556249149335409,-1.4811145646169446
4670,0.062954447858637158,0.064631653873815142,0.68318944006409021,2.1666726736886903,-1.4834832336246002
4680,0.063002611411488024,0.064837867293252971,0.67493243558038973,2.156425538507492,-1.4814931029271023
4690,0.06308680197013565,0.065032418087153751,0.66151291009013713,2.1452552186710236,-1.4837423085808865
4700,0.063209003675284342,0.065221607988715902,0.63840738020789545,2.1294693360990706,-1.4910619558911753
4710,0.063577492090675897,0.065401819756442187,0.65594333191545562,2.1466905189757344,-1.4907471870602786
4720,0.063711447747730035,0.065668117301575762,0.64170286589430692,2.1337861884342271,-1.4920833225399202
4730,0.063406008250907156,0.065576631549407932,0.61537562331375029,2.1101651480327628,-1.4947895247190126
4740,0.063135321780247264,0.065164210343105836,0.59596510179280737,2.1005669687536281,-1.5046018669608208
4750,0.062986035472364241,0.064806710250717811,0.62615481003988027,2.1273745344982493,-1.5012197244583692
4760,0.062674029901083061,0.064632170622911211,0.60643043187079559,2.1094956485405909,-1.5030652166697953
4770,0.062169781227062931,0.064439037195032633,0.55961759725573834,2.0671525804659838,-1.5075349832102454
4780,0.062137422935051943,0.064164012069533927,0.54442307157083059,2.0612505193276749,-1.5168274477568442
4790,0.062513316212257614,0.064400906584041948,0.57083365367905614,2.0853167871901048,-1.5144831335110487
4800,0.062675865968386965,0.064876883675979866,0.53718586512710309,2.0520625523837666,-1.5148766872566635
4810,0.062613342685910192,0.065158400073787509,0.45984742090813346,1.9832559691641347,-1.5234085482560014
4820,0.062879881865334691,0.065062935779330242,0.46259330208139604,1.9918383731761924,-1.5292450710947962
4830,0.062986641591924117,0.065185369537119522,0.44658035610819946,1.9780501399313588,-1.5314697838231592
4840,0.062743824338591353,0.06521725682832584,0.44764190231326489,1.9743684032493907,-1.5267265009361257
4850,0.062153150097104259,0.064703237073880385,0.33481314032946685,1.875713441676601,-1.5409003013471341
4860,0.061962829797743958,0.064187004286940533,0.35282735765193024,1.895281147159086,-1.5424537895071557
4870,0.061728053934649439,0.064003939543039137,0.32571712041726386,1.8703914553455814,-1.5446743349283176
4880,0.061461532257708361,0.063926000467423458,0.34923144694660285,1.8890659948514554,-1.5398345479048525
4890,0.061211392660362865,0.06362356661231755,0.20369629778048781,1.7585488875720185,-1.5548525897915306
4900,0.061406908024401824,0.063646216704533701,0.2452461664012956,1.7977586329154509,-1.5525124665141554
4910,0.061686182118950092,0.063926364260964985,0.28455328846414085,1.8336201472487981,-1.5490668587846572
4920,0.061579998265974815,0.064073658259600458,0.22359302081095553,1.7762415409268248,-1.5526485201158693
4930,0.061608136483843154,0.063946763591147635,0.14931827264379754,1.7090986602494511,-1.5597803876056535
4940,0.061710456737224972,0.063862274957311019,0.18312426781314717,1.7412746004301809,-1.5581503326170338
4950,0.061665978908858041,0.063902286726456037,0.26671466700062413,1.8174389653547536,-1.5507242983541294
4960,0.061101113593057442,0.063594414768643234,0.13703851770472444,1.6970597915667525,-1.560021273862028
4970,0.060836294854761809,0.063064061492431392,0.14430079389359407,1.7048251746690575,-1.5605243807754634
4980,0.06078623525841749,0.062779186600361442,0.17966046124651242,1.7387718239486201,-1.5591113627021076
4990,0.060650306548362495,0.062815738920481423,0.26876454234653613,1.8195988567298926,-1.5508343143833565
5000,0.060380264060457996,0.062675109889339595,0.16352705866459366,1.72217849243485,-1.5586514337702564
5010,0.060403346474038083,0.062490289229493408,0.12569579289275451,1.6880761422068837,-1.5623803493141293
5020,0.060765899668258419,0.062594991544032239,0.32233360864986182,1.8718168421272299,-1.549483233477368
5030,0.060868440589888655,0.062925353711847876,0.30710520841816347,1.8555706487790951,-1.5484654403609315
5040,0.060682719375157443,0.062896912315305559,0.28948866602223683,1.8379946070969628,-1.5485059410747259
5050,0.060834669918032734,0.062697049830558224,0.30123515863508271,1.8521711365684483,-1.5509359779333656
5060,0.060984863878377399,0.062669411095508096,0.44135436491682012,1.9810505838444521,-1.539696218927632
5070,0.060815545448014895,0.062837642442898869,0.42875703436448076,1.9643622583731555,-1.5356052240086746
5080,0.060553614600299267,0.062505206169917865,0.41108332981559276,1.9498768440914571,-1.5387935142758644
5090,0.060616714198775713,0.062284503914838481,0.49750578010950125,2.0298449805907248,-1.5323392004812235
5100,0.060664755703422377,0.062334399289619938,0.54325350756631263,2.0678116478759647,-1.5245581403096522
5110,0.060416498450410382,0.06243876992842276,0.53066027672628691,2.0492087893455642,-1.5185485126192773
5120,0.060412838953133187,0.062193600572721872,0.53416354396803201,2.0576071781849117,-1.5234436342168798
5130,0.060539374447562591,0.062194117723436124,0.60094906336518128,2.1127076693613498,-1.5117586059961685
5140,0.060779153403123669,0.062509972449441564,0.6294389505093001,2.1304185782699161,-1.500979627760616
5150,0.060655040832276422,0.062726092204345746,0.60410274703191047,2.1027500062476125,-1.4986472592157021
5160,0.060825381674625825,0.06277958480183464,0.61518055958140816,2.113871225001672,-1.4986906654202639
5170,0.061178584465345999,0.062899112689641656,0.67050713254845096,2.156340918442488,-1.4858337858940369
5180,0.061437778465772259,0.063232055204111168,0.68803336842338647,2.1629132549858969,-1.4748798865625106
5190,0.061225050083738103,0.063466181019475418,0.65905073131626435,2.1319092782956588,-1.4728585469793944
5200,0.061102820248236038,0.063286794778048966,0.66563001533806887,2.1371420530442768,-1.4715120377062081
5210,0.061318950088517697,0.063003660782074505,0.71558069607224251,2.1792263378360177,-1.4636456417637751
5220,0.061171994189582302,0.063048401431239701,0.72148736938355573,2.1730784854351812,-1.4515911160516255
5230,0.060620316179801653,0.063112280287467237,0.67959128225737986,2.1329975845783675,-1.4534063023209876
5240,0.060499495715697786,0.062743114823530455,0.68872896335596945,2.1453977495420782,-1.4566687861861087
5250,0.060738962833149217,0.062599827248983775,0.72460625172859594,2.1741957094092452,-1.4495894576806494
5260,0.060718050799929736,0.062997524205791813,0.71222566360070516,2.1535803149978969,-1.4413546513971918
5270,0.060559541704738554,0.063344825975533786,0.67721725492069107,2.1224283808332838,-1.4452111259125928
5280,0.060980922835038254,0.063426296015142214,0.69060087801256809,2.1398161926616686,-1.4492153146491005
5290,0.061478338503590302,0.063790276528262774,0.70724206526269195,2.1516753794138452,-1.4444333141511532
5300,0.061642734100490246,0.06433003506196594,0.69552981013246151,2.134620444486516,-1.4390906343540544
5310,0.061692836872680124,0.064501722585800378,0.67379903161051025,2.1217925654901029,-1.4479935338795926
5320,0.061867358700414363,0.064369281687550628,0.68495967180684347,2.1367200933722401,-1.4517604215653965
5330,0.061902104738096174,0.064275837652209233,0.69419927289693717,2.1450061417679591,-1.4508068688710218
5340,0.061536752098536783,0.064125972375735543,0.68238971995581321,2.1322955847240284,-1.449905864768215
5350,0.061053954582399865,0.063823002133603007,0.64588387942167169,2.1084290211399956,-1.4625451417183239
5360,0.060898441044447506,0.063464330193148052,0.65090423164107503,2.1169189871553979,-1.466014755514323
5370,0.061031383124386988,0.063324115829815023,0.67933290708220673,2.1401305215895494,-1.4607976145073427
5380,0.060871782682196951,0.063592309516909806,0.65045398961650025,2.1120111642261001,-1.4615571746095999
5390,0.060859862551526485,0.063758146859087941,0.61996098281436129,2.0901304984211997,-1.4701695156068384
5400,0.06144184700693385,0.063870381203344984,0.64572976365176549,2.1189541881558016,-1.473224424504036
5410,0.062091877293931182,0.064159275088507731,0.68712240866306962,2.1530063334859046,-1.465883924822835
5420,0.062075115251883937,0.064700007389952144,0.64139403427609165,2.1114692224030054,-1.4700751881269136
5430,0.062228556212306614,0.064702675224164244,0.62677398541134877,2.1074948228006312,-1.4807208373892824
5440,0.062500748659624614,0.06449691976017416,0.65771780680700154,2.140764139177779,-1.4830463323707774
5450,0.062560103074167844,0.064527550464957908,0.66611177057022752,2.1464861760569649,-1.4803744054867374
5460,0.062031258138335946,0.064453545045783323,0.61520349656841378,2.1015638071979628,-1.4863603106295491
5470,0.061864308953140407,0.064075984211493645,0.59952991937381572,2.0968705250281623,-1.4973406056543466
5480,0.061846952425223825,0.063851487430654746,0.61983414184384455,2.1164509541397107,-1.4966168122958661
5490,0.061843704463680496,0.063898667065869774,0.6178481707933845,2.1136273554668694,-1.4957791846734849
5500,0.061671195652709974,0.063994267276275024,0.56602623371175165,2.070132527579581,-1.5041062938678293
5510,0.06176114967530523,0.063963388891895692,0.54244854606261839,2.0553796176067496,-1.5129310715441311
5520,0.062143609991308427,0.064076430955320104,0.56922366181458006,2.082640677431141,-1.5134170156165609
5530,0.06232813514671099,0.064286601383401448,0.57632931352227246,2.0874674946247174,-1.5111381811024449
5540,0.062320558621409027,0.064552399330280133,0.49378652348169066,2.0165122778099795,-1.5227257543282888
5550,0.06230582397778766,0.064423780837311956,0.48210335355356471,2.0090151846126583,-1.5269118310590937
5560,0.062623017248224833,0.064396009294668807,0.51358177233881219,2.0423247683893022,-1.5287429960504899
5570,0.062576956995055333,0.064641327675758434,0.48103771039335252,2.0092915538851766,-1.528253843491824
5580,0.062353061261174188,0.064702936954989257,0.36262412911886799,1.9026334102767499,-1.5400092811578818
5590,0.062471635597634752,0.064561227057257281,0.33217264440489713,1.8784928441928443,-1.5463201997879472
5600,0.062819719763634221,0.064717029031544082,0.37272883415856906,1.9174726004869174,-1.5447437663283483
5610,0.062859524088328525,0.065153821592550995,0.31259010953322941,1.858843071801517,-1.5462529622682877
5620,0.062774029860235364,0.065159441415905794,0.16543107928573553,1.7239335380916101,-1.5585024588058745
5630,0.062961412526072583,0.065111384688644733,0.11054265365186153,1.6740516558050023,-1.5635090021531408
5640,0.063055601373434897,0.065217283365993459,0.17178977423606509,1.7309712788981964,-1.5591815046621313
5650,0.062901395101145466,0.065375918019704521,0.077362209421161107,1.6423717479294206,-1.5650095385082596
5660,0.0626125458905578,0.065178670532742011,-0.038877197052524452,1.5349254832981565,-1.5738026803506808
5670,0.062604484227053586,0.065035742792193804,-0.10252453306797436,1.4758894029729281,-1.5784139360409024
5680,0.062679338864408768,0.06510258449486625,-0.056421135976145308,1.5185129234908024,-1.5749340594669476
5690,0.062611050150006425,0.065330525664639108,-0.15778540951206055,1.426262516791132,-1.5840479263031926
5700,0.062630596626381319,0.065434860092105501,-0.21924979747793297,1.3710398343647181,-1.5902896318426512
5710,0.06288019908416001,0.065495961369636785,-0.26699224896670765,1.3266464839979248,-1.5936387329646324
5720,0.063182814681212368,0.065870467570297464,-0.24882042182831673,1.3434453983208594,-1.5922658201491762
5730,0.063112464316024533,0.066166516150363147,-0.30918025256963405,1.2930154987575655,-1.6021957513271996
5740,0.063076747542627404,0.066085964235342631,-0.36072255874215464,1.2479880709602029,-1.6087106297023577
5750,0.063167556329294952,0.065814166876981453,-0.41044238724187554,1.2009369079931869,-1.6113792952350625
5760,0.063089694892959236,0.066027733402361649,-0.36443357943566851,1.2439817771364916,-1.6084153565721602
5770,0.062703566096718205,0.065905537975544021,-0.39452954409702684,1.2219793195646871,-1.616508863661714
5780,0.062533145128121345,0.065463277495108912,-0.45588598582407652,1.1678851196530191,-1.6237711054770956
5790,0.062549058262954094,0.065282414301550309,-0.46164761838792256,1.1600217453974651,-1.6216693637853876
5800,0.062453984762397587,0.065510463769267155,-0.42444774415384057,1.1954476350187555,-1.6198953791725961
5810,0.062434115106658937,0.065472344262541379,-0.44471299736023506,1.1786696796476466,-1.6233826770078816
5820,0.062507518135043891,0.0652640947636388,-0.49230667798604572,1.1359178188146517,-1.6282244968006974
5830,0.062771049997343842,0.065513042885944811,-0.45221591401726968,1.167704769091803,-1.6199206831090727
5840,0.062810789972813877,0.065675014275540303,-0.43791265136657886,1.1813170382560982,-1.619229689622677
5850,0.062867884523102491,0.065627352467589176,-0.46152800538426353,1.1603183716992744,-1.6218463770835378
5860,0.062892390812959137,0.065411844440566108,-0.49422798049406685,1.1297424784051469,-1.6239704588992137
5870,0.062931559228213807,0.065394579160861707,-0.44669960837099243,1.1677293943327958,-1.6144290027037882
5880,0.062832351029691494,0.06535508935043767,-0.44811933575456186,1.1675573179456447,-1.6156766537002065
5890,0.062685575086207979,0.065159751147825837,-0.44913960566079308,1.1660205015427749,-1.615160107203568
5900,0.062730220083446447,0.064971399801819416,-0.45682818512567103,1.1556991477416743,-1.6125273328673453
5910,0.062783228385237685,0.064924900983784742,-0.3948057896165163,1.2077146255023905,-1.6025204151189067
5920,0.062768633515270039,0.065048638463310049,-0.35502172433471241,1.2446746915862137,-1.5996964159209262
5930,0.062750247119295,0.064934930422570938,-0.34074483392029481,1.2563340976431117,-1.5970789315634064
5940,0.062853351344579506,0.064814202984920855,-0.29283095910814971,1.2974810110358042,-1.5903119701439539
5950,0.062905003007815818,0.064749232377367627,-0.22035468306808012,1.3636039086759524,-1.5839585917440324
5960,0.062806849682116916,0.064846875897862921,-0.13416115586420846,1.4451294590976695,-1.5792906149618779
5970,0.062790294765643503,0.064675582073990961,-0.17632049319363524,1.4050073112515802,-1.5813278044452155
5980,0.062791634185915129,0.064503105909795244,-0.082027152975348863,1.4931002075338546,-1.5751273605092035
5990,0.062840100638307042,0.064560292716598092,0.0036692553169827978,1.5742726511831251,-1.5706033958661423
6000,0.062883931957542077,0.064711809903483436,0.067140871275492661,1.6341770221182426,-1.5670361508427499
6010,0.062906928187538083,0.064682504524305906,-0.0086853118686060545,1.5625813485391433,-1.5712666604077494
6020,0.062960830575201021,0.064566486202256454,0.11737286366355387,1.6823038699855331,-1.5649310063219792
6030,0.063046723159400547,0.064646200541141605,0.1726088324456812,1.7346446998340441,-1.562035867388363
6040,0.06297305844296458,0.064573949309822062,0.11499083125646865,1.6800623482628052,-1.5650715170063365
6050,0.062781490644676571,0.064364796546054773,0.070750870004279973,1.6380877616284695,-1.5673368916241894
6060,0.062719983946275801,0.06405938384676356,0.14252067562122811,1.7072649531312873,-1.5647442775100593
6070,0.062578994308833569,0.063930528470609163,0.16630700234160015,1.729895217040277,-1.5635882146986768
6080,0.062284036046859378,0.063834487421661243,0.020106182765337512,1.5899371847155495,-1.569831001950212
6090,0.062132481874781632,0.06355013440088525,0.039554063345365653,1.6086019485126308,-1.5690478851672651
6100,0.062166367328130759,0.063466165133692423,0.051030206380795015,1.6197509446816796,-1.5687207383008845
6110,0.062155085507110332,0.063592936379784568,0.068917366524479537,1.636614101000863,-1.5676967344763835
6120,0.062049787220123186,0.063721679963202008,-0.040701582189231922,1.5322068453408604,-1.5729084275300922
6130,0.062218800920792718,0.063571070566990448,-0.066950092975948158,1.5066801311622924,-1.5736302241382405
6140,0.062351540417427347,0.063660696662590471,-0.14812812075518134,1.4288691999101959,-1.5769973206653773
6150,0.062329348175874447,0.063839461292968455,-0.14448818359635551,1.4332434380215113,-1.577731621617867
6160,0.062213134069128449,0.063690561366478174,-0.25426157870848659,1.3292268284361535,-1.58348840714464
6170,0.062200522162437141,0.063487833926650777,-0.38246176033625379,1.2072607344134858,-1.5897224947497395
6180,0.062094390782680947,0.063464235779922482,-0.37376810079366718,1.2164755933918052,-1.5902436941854723
6190,0.061930105245427192,0.063385663610209184,-0.38527447266851045,1.207111683770749,-1.5923861564392594
6200,0.061806923539905169,0.063164300375121524,-0.46137989766498033,1.1365372004234251,-1.5979170980884054
6210,0.061695301075386427,0.063120166084978765,-0.50368844757976161,1.1006800519678555,-1.6043684995476171
6220,0.061668503979388126,0.063067335807515057,-0.49241007030385475,1.1099523969170804,-1.6023624672209351
6230,0.06165360253221655,0.063005609510924279,-0.52317147091323124,1.0822740706055076,-1.6054455415187388
6240,0.061613033854441182,0.063054184820813125,-0.54852317054142785,1.0631342420265053,-1.6116574125679333
6250,0.061622296611413614,0.063106474724396608,-0.55768112072939324,1.0567416114735995,-1.6144227322029927
6260,0.061812657479187037,0.063069867841702501,-0.59589069701638486,1.0195216019200943,-1.6154122989364792
6270,0.061864722056164147,0.063233565847222867,-0.59524408069830304,1.0234537695997692,-1.6186978502980722
6280,0.061897988419433135,0.063363985718502921,-0.6085862000784773,1.0163374140605779,-1.6249236141390551
6290,0.06209712795580636,0.063315974323144689,-0.64534412965314358,0.98109042923417356,-1.626434558887317
6300,0.062284602175214476,0.063361483813902136,-0.66837395083829843,0.95955218126454067,-1.6279261321028391
6310,0.062295586646905418,0.063525946547130036,-0.65553995965264777,0.9744195974242631,-1.6299595570769108
6320,0.062303528731016924,0.063387455649790009,-0.68984021178883215,0.94655890207440319,-1.6363991138632352
6330,0.062380960461196934,0.06316978075880067,-0.72777890777426579,0.91079990549701151,-1.6385788132712773
6340,0.062326021291967189,0.063191328202975017,-0.7144925589961223,0.92177028868999189,-1.6362628476861141
6350,0.062222031098138363,0.063146061546829516,-0.71412616365727455,0.92531727631560212,-1.6394434399728768
6360,0.062176608320652228,0.06292296083786493,-0.74241730641945392,0.90225598245970406,-1.644673288879158
6370,0.062271553457882191,0.062844993918647618,-0.7584797887763407,0.88452665757618565,-1.6430064463525262
6380,0.06232103052782214,0.063019812543439233,-0.73954214284842423,0.90002460586213262,-1.639566748710557
6390,0.062465878030894109,0.06303136473554935,-0.75978409092797472,0.88340943746375888,-1.6431935283917336
6400,0.062528247362641454,0.062976797229545051,-0.77589094362387923,0.87027147651787651,-1.6461624201417557
6410,0.06274331079540596,0.063087079625430934,-0.78170840119513629,0.85927412412740001,-1.6409825253225363
6420,0.062870156589974177,0.063198647643833483,-0.7845837325359214,0.85746680087349381,-1.6420505334094151
6430,0.062899060962221323,0.063190381258620462,-0.7918699351440982,0.85357637594163949,-1.6454463110857378
6440,0.06300249844953866,0.063144837834432505,0.76414930584403573,2.4081894966975712,-1.6440401908535356
6450,0.063078406906479603,0.063168222846310601,-0.81072809940096424,0.8308063645011643,-1.6415344639021285
6460,0.063053082996180829,0.063162256650772297,-0.80911191430232043,0.83324176627699886,-1.6423536805793193
6470,0.06299288607113647,0.06310167382345365,-0.80947877352705222,0.83337788445563987,-1.642856657982692
6480,0.063057653367016311,0.062983572062681542,-0.82895899083810665,0.81230712019096574,-1.6412661110290725
6490,0.062987198637689951,0.062936057395174494,-0.82651434703450588,0.81505743493053018,-1.6415717819650362
6500,0.062863085382050085,0.062855329355898312,0.74891040011203069,2.3909533533143965,-1.6420429532023659
6510,0.06273150490095171,0.062673357019766437,-0.82858141036726918,0.81604395588088829,-1.6446253662481576
6520,0.06262952515631165,0.06250983285002619,0.73523830611373386,2.3808329196601346,-1.6455946135464008
6530,0.062475611044941322,0.062455850814354112,-0.82538402311864434,0.82121910512992224,-1.6466031282485667
6540,0.062412931766416317,0.062410996831395282,0.74685960242665039,2.3943294981324179,-1.6474698957057674
6550,0.062397663170338097,0.062384787485939973,-0.82687598005443341,0.82431454052363318,-1.6511905205780666
6560,0.062451378501264088,0.062445507912509426,0.7444626341880588,2.3959677831578339,-1.651505148969775
6570,0.062632134710318046,0.062588050261427997,0.74225383660518063,2.3902347652311966,-1.6479809286260161
6580,0.062852076019706368,0.062828897259446501,0.74304883255423415,2.393949052112526,-1.6509002195582918
6590,0.063026209452301682,0.062996543107737141,0.7420395964306391,2.3937469753502549,-1.6517073789196157
6600,0.063208381567302976,0.063050229826865589,-0.84017279214038731,0.80777914568574216,-1.6479519378261296
6610,0.063338572745353774,0.063146332707082226,-0.84378520636271703,0.80481451662911629,-1.6485997229918334
6620,0.063238427963021301,0.063123737909041341,0.73495428798945839,2.3832738970874834,-1.648319609098025
6630,0.063063016470472452,0.062939786641213219,0.73384710183097257,2.3827635507496479,-1.6489164489186754
6640,0.062902817906335173,0.062658779438781051,0.72215259728057535,2.367309687020652,-1.6451570897400767
6650,0.062714753339479706,0.062592125872563742,0.7351664101539227,2.3800698576903168,-1.6449034475363939
6660,0.062554668093536964,0.062567426212753505,-0.82279217999586274,0.82542109618643256,-1.6482132761822954
6670,0.062654864938950811,0.062435465472729414,0.72521346532555231,2.3672899159206624,-1.64207645059511
6680,0.062862482144051837,0.06267476060024893,-0.84249197956454491,0.80201347001517398,-1.6445054495797189
6690,0.063093523947628793,0.062944370296799945,-0.8368509430273896,0.80228639615484676,-1.6391373391822364
6700,0.063467509882128417,0.063237225209669942,0.72434176089730673,2.3663035830561681,-1.6419618221588612
6710,0.063763977650371007,0.063404838930090635,0.71016200262679197,2.350386326457782,-1.6402243238309899
6720,0.06400261798296672,0.063700760050225916,0.71657539881657795,2.3512841944392116,-1.6347087956226336
6730,0.064159985501969483,0.06384436327089224,0.71528823971919286,2.3565869125636798,-1.6412986728444869
6740,0.064235123765290086,0.063847437145005861,0.70693891693549993,2.3449004470936234,-1.6379615301581234
6750,0.064246944052434127,0.063904814011232561,0.71245042464576358,2.3552487784239697,-1.6427983537782063
6760,0.064249558931419953,0.063891295493154393,0.70971989470018482,2.3436462620455769,-1.6339263673453921
6770,0.064282288282447531,0.06387642648308664,0.70569264668437104,2.3493900565653645,-1.6436974098809936
6780,0.064187296254574991,0.063852322353029831,0.71316854625683024,2.3544609614068182,-1.6412924151499879
6790,0.064239789963900285,0.063858744647856278,0.70783523677214977,2.3466542909070558,-1.6388190541349061
6800,0.064224478832664897,0.063838947468824209,0.70773246767303022,2.3502437947492445,-1.6425113270762144
6810,0.064245947495633129,0.063922696660489151,0.71439721403633472,2.3524516031400644,-1.6380543891037296
6820,0.064301139030966417,0.063993723026496557,0.71553589739878021,2.3664096068720388,-1.6508737094732586
6830,0.064258628474873472,0.064051036413831364,0.72802068886774418,2.3641708564307158,-1.6361501675629717
6840,0.064444805545441464,0.064124841658556614,0.71479933096002057,2.3610472801097782,-1.6462479491497577
6850,0.064333975444677394,0.064329127221327206,-0.82148187204823975,0.82042384046960581,-1.6419057125178456
6860,0.064465321150115801,0.064339184062429583,0.7344305964416673,2.3815587444077182,-1.6471281479660509
6870,0.064337378121543276,0.064544078965942983,-0.79705325346008615,0.84315647150531614,-1.6402097249654024
6880,0.064392628862623424,0.064618732028843301,-0.78708410643092919,0.84455740885667296,-1.631641515287602
6890,0.064302372833873564,0.064697968415842938,-0.77949083261616958,0.86377445311052714,-1.6432652857266967
6900,0.064058872538944364,0.064753353964864188,-0.71484825051828516,0.91034458555345044,-1.6251928360717356
6910,0.063964685060266688,0.064580992843584095,-0.7352536372722619,0.89498962711557795,-1.6302432643878397
6920,0.0637072317242528,0.064542521220346677,-0.6486157288905029,0.96231062481467067,-1.6109263537051737
6930,0.063766109623041745,0.064286197322005245,-0.72953516251721151,0.89106820997278779,-1.6206033724899993
6940,0.0634184967741665,0.064398303614925156,-0.58901201502720213,1.0155102478451341,-1.6045222628723361
6950,0.063532929040671926,0.064235221620557267,-0.55707133819978027,1.0349471479737522,-1.5920184861735325
6960,0.063617119337757613,0.064335800371851604,-0.61833119330480202,0.9819734993998388,-1.6003046927046407
6970,0.063569537038405843,0.064509265106836883,-0.35087044499348924,1.2320269185599575,-1.5828973635534467
6980,0.063656052926362006,0.064594244072620044,-0.41173802450872099,1.1743687589622693,-1.5861067834709903
6990,0.063585419606555171,0.064680575953821096,0.17916073072205152,1.7436845685734437,-1.5645238378513922
7000,0.063648170201349663,0.064564311940460542,-0.1878359513041778,1.3885050760853141,-1.576341027389492
7010,0.063393236486764329,0.064703225768415015,0.25306669115814817,1.8128210168437457,-1.5597543256855975
7020,0.063451016726936427,0.064392317021251408,0.38793816044972279,1.9446885822019651,-1.5567504217522423
7030,0.063272109031488583,0.064457198892404421,0.39061742618666728,1.9436570589613369,-1.5530396327746696
7040,0.063239540922511966,0.064319048647024174,0.45806027143468897,2.0077492907386247,-1.5496890193039357
7050,0.063250987431446304,0.064359552803926565,0.3781527016520399,1.9330736563855684,-1.5549209547335285
7060,0.063201214440767414,0.064368937976092833,0.57569533775286441,2.1092479996647047,-1.5335526619118403
7070,0.063198714448860674,0.064302715105950758,0.44233340095445878,1.9928398579735347,-1.5505064570190759
7080,0.063099892878593036,0.064429501850716053,0.54460230866700154,2.0788434523059705,-1.5342411436389689
7090,0.063126881997475112,0.06419865917638308,0.51875038142930519,2.062710323031367,-1.5439599416020617
7100,0.062942316760878858,0.06437669228775468,0.55335581494735309,2.0834048723211005,-1.5300490573737475
7110,0.062960688981846591,0.064035321021507163,0.57869887516990226,2.1143467608837843,-1.535647885713882
7120,0.062892912768140199,0.064111330151677789,0.51806159600591595,2.0585989270557814,-1.5405373310498653
7130,0.062799905144783105,0.064131370108216429,0.60100823783794888,2.1243834108153896,-1.5233751729774407
7140,0.062782520513492923,0.063967650567027093,0.53527122132394422,2.0743113708200545,-1.5390401494961101
7150,0.062778521589675187,0.06393676391981816,0.59388396388976106,2.1241570143939947,-1.5302730505042337
7160,0.062690431947051595,0.063866202398802099,0.50259651544622697,2.0458396384183919,-1.5432431229721648
7170,0.062470416083870571,0.063880342530678813,0.58817256824249586,2.1118024410105471,-1.5236298727680513
7180,0.062407763965005601,0.063343168573517156,0.48707815598530046,2.0369328415110939,-1.5498546855257933
7190,0.06209165729848852,0.063317635231389058,0.50758772924927087,2.0488840833915845,-1.5412963541423137
7200,0.061903356557629519,0.062926820367466843,0.5176508553098349,2.0623900557535455,-1.5447392004437106
7210,0.061671841669775275,0.062719629908405863,0.42005129502650751,1.9727243374625101,-1.5526730424360027
7220,0.061575149318448798,0.062469904093622214,0.55043483160927376,2.0946134207885088,-1.544178589179235
7230,0.061393613280958735,0.062371456790153407,0.25988297377357178,1.8218224489711621,-1.5619394751975904
7240,0.06132424522071396,0.062530260846723154,0.460983612557883,2.0073686843679437,-1.5463850718100607
7250,0.061310946973553784,0.062134245431105621,0.28312103608542849,1.8455938670371757,-1.562472830951747
7260,0.061200029662922838,0.062217338154827828,0.3061644154686074,1.8656586765242009,-1.5594942610555935
7270,0.061034598891208582,0.061994103446743644,0.094219954825495569,1.6620891699373173,-1.5678692151118216
7280,0.060817017289280101,0.061927444520187225,0.29816395967642928,1.8569945376073165,-1.5588305779308871
7290,0.060588858705903824,0.061361487559310375,-0.061082053221573708,1.5112501725792282,-1.5723322258008019
7300,0.060148480111482099,0.06118717001247434,-0.040163443625385521,1.5319876769646852,-1.5721511205900707
7310,0.059859444635322147,0.06084365928812413,0.30736817031109742,1.8669248814101151,-1.5595567110990176
7320,0.059389386534384886,0.060344188857807561,-0.20360371617025055,1.3739436962937015,-1.5775474124639521
7330,0.059026949868307463,0.060211282512690256,0.27610724915845186,1.834989541872021,-1.558882292713569
7340,0.058760572216011303,0.059631934647356201,-0.16583022164933325,1.4099530736830534,-1.5757832953323867
7350,0.058423827200064553,0.059629547920109237,-0.0089977979358390851,1.5621587609848582,-1.5711565589206973
7360,0.058271121499314203,0.059420273746627221,0.030077057837659925,1.5997199769734465,-1.5696429191357866
7370,0.058164878716125766,0.059310305381534159,-0.057366624871033653,1.5156332120953444,-1.572999836966378
7380,0.058124560228660492,0.059209591664187364,-0.22666295370171635,1.3529416373520557,-1.5796045910537722
7390,0.057963085358075657,0.059340605523011632,-0.14393058582412979,1.4336458145293141,-1.5775764003534438
7400,0.057999202996675207,0.059294365039352245,0.1680612057566831,1.7313289173460613,-1.5632677115893783
7410,0.05788659399181964,0.059044049795231313,-0.23358977929335473,1.346950680203187,-1.5805404594965418
7420,0.057639651176975837,0.059142701866011858,0.14138303472701172,1.7049042454096823,-1.5635212106826706
7430,0.057401444146372597,0.058636655109393088,-0.06066521717717975,1.5126717834867491,-1.5733370006639289
7440,0.057052391135066972,0.058447566413269168,0.19462941609917947,1.75578867412693,-1.5611592580277505
7450,0.056636344646105813,0.057919485358731239,0.14393299179548616,1.708254665684799,-1.5643216738893129
7460,0.056180495145205976,0.057609807791807285,0.057095139721927576,1.6250821894655187,-1.5679870497435913
7470,0.056008386883502757,0.057297424444270738,0.2035070093691764,1.7647528993285571,-1.5612458899593806
7480,0.055786929581987985,0.057103734006624676,0.010197008547215317,1.580528414269414,-1.5703314057221986
7490,0.055773735863219528,0.05715229557346993,0.22150467976294425,1.7810536898597285,-1.5595490100967841
7500,0.05592565051326677,0.057012623065794923,0.0025057024483542681,1.5732073945003489,-1.5707016920519945
7510,0.056001459173836206,0.057325568276325581,0.21181421507776013,1.772361832992372,-1.5605476179146118
7520,0.055993017549413875,0.057266724122509244,0.32716462519318001,1.8812998654412891,-1.554135240248109
7530,0.055910020637986155,0.057122726856045636,0.34033189881726339,1.8943445665527543,-1.5540126677354908
7540,0.055661363741210217,0.056672773302979464,0.29658576480647075,1.8555513400986403,-1.5589655752921696
7550,0.055138585734752311,0.056456219376788096,0.29976599751908817,1.8549612064080465,-1.5551952088889585
7560,0.054653979760239155,0.055809575429199169,0.45942733102671585,2.0042486141905025,-1.5448212831637866
7570,0.054194871169211879,0.055185823348291488,0.23638570852450341,1.7981219216853315,-1.5617362131608281
7580,0.053775342388015547,0.054993603705551633,0.38540787192516096,1.9353431367614027,-1.5499352648362417
7590,0.053547287187260366,0.054590080722110988,0.28488768199439851,1.8436545465450394,-1.5587668645506407
7600,0.05344483363713555,0.054635367042614312,0.4366815290627154,1.9824900152055329,-1.5458084861428176
7610,0.053479022102114214,0.054463263018309005,0.46638043230621928,2.0137561204852092,-1.54737568817899
7620,0.053339760443349281,0.054453597754474461,0.23812450882650904,1.7985320188168623,-1.5604075099903532
7630,0.053220603881246914,0.054301600515261512,0.48487442854770901,2.0280268064253408,-1.5431523778776319
7640,0.052933120619903254,0.053956755376563852,0.42043745457614223,1.9706979819031549,-1.5502605273270127
7650,0.052468709025966627,0.053510040119880864,0.47590280031206378,2.0205922820837454,-1.5446894817716816
7660,0.051891642736430342,0.052772861966480816,0.23351569531850677,1.7959968813528648,-1.5624811860343581
7670,0.051223484801609619,0.052344158432490996,0.43975608518043774,1.9856929496429787,-1.5459368644625409
7680,0.050678569770520779,0.051662635280222066,0.35227671006540279,1.9072448944287261,-1.5549681843633234
7690,0.050282789213356036,0.05132240732984289,0.39184630223824091,1.9430374451852008,-1.5511911429469598
7700,0.050089121992537219,0.05093464022321266,0.10351136151480123,1.6708525642105796,-1.5673412026957783
7710,0.049907871905293881,0.051217309095556718,0.15419247812836351,1.7169689702530631,-1.5627764921246996
7720,0.050092426363853422,0.051181807945936922,0.45748392296735846,2.0018103602979496,-1.5443264373305912
7730,0.050196891746629058,0.05100291537885502,-0.21146031281525859,1.3663706044898918,-1.5778309173051503
7740,0.049993261200961897,0.051275680886834991,-0.0023729154257807897,1.568540622500934,-1.5709135379267147
7750,0.049801595957492013,0.050931682700357105,0.24672336472851175,1.8057915950592214,-1.5590682303307095
7760,0.049390899505098215,0.050421642756667127,0.0038281274769582084,1.5744695383682494,-1.5706414108912912
7770,0.048796681077045337,0.04973452846675798,-0.282814957061922,1.2997524819155284,-1.5825674389774504
7780,0.048049145973791313,0.049252755068113607,-0.38614850948655499,1.2076548487898628,-1.5938033582764177
7790,0.047526398448181705,0.048668237477306274,-0.055788205570611232,1.5176052289607163,-1.5733934345313274
7800,0.047091676877453241,0.048195538379689526,-0.44140838345964378,1.1560802721220871,-1.5974886555817309
7810,0.046850105552168217,0.047985823330645036,-0.38390205420382228,1.2090083135474303,-1.5929103677512526
7820,0.046767287178053028,0.047993426262932529,-0.53542003551747908,1.0782401447623098,-1.6136601802797887
7830,0.046839581552271782,0.048244399330916177,-0.1403013889547978,1.4387457433162609,-1.5790471322710586
7840,0.047076586252228027,0.04821247614977045,-0.42141578688417264,1.1747904029355702,-1.5962061898197428
7850,0.047092732084974387,0.04842297353085627,-0.54063410125684885,1.0769742412580996,-1.6176083425149486
7860,0.047114311834267515,0.048638638074068215,-0.27117764721688181,1.3180095697407628,-1.5891872169576446
7870,0.046991228646663684,0.048391254254250018,-0.41008508524247061,1.1903548524894019,-1.6004399377318725
7880,0.046651353545776771,0.048095685398121535,-0.37439699897426126,1.2232327790045197,-1.5976297779787809
7890,0.04610994000893643,0.047637705171457247,-0.51937317557994978,1.1009468200245154,-1.6203199956044652
7900,0.045536166266992043,0.04723883423729941,-0.40198407949230697,1.2042713839068897,-1.6062554633991968
7910,0.045082887707640344,0.046668656528865912,-0.37756196211605259,1.2238120838987192,-1.6013740460147718
7920,0.044584768722684541,0.046278614708228222,-0.45289122999110043,1.1613725933639187,-1.6142638233550191
7930,0.044369015264988071,0.046050256252745399,-0.44541399358007072,1.1675596335855831,-1.6129736271656538
7940,0.04424794571231553,0.046095075797091205,-0.43837645249980012,1.1772556309468523,-1.6156320834466524
7950,0.044386888237185777,0.046290165685067337,-0.21012444919437018,1.378529121005972,-1.5886535702003421
7960,0.044664604848473337,0.04647646565790272,-0.44910196979422318,1.1671556810174013,-1.6162576508116244
7970,0.044888067353242959,0.046888633732528481,-0.40535809740470563,1.2075494884452818,-1.6129075858499875
7980,0.04500278131410998,0.047153013630503074,-0.31836205682845475,1.2846413483518124,-1.6030034051802673
7990,0.044940057477299782,0.047131845503496188,-0.27394704517494045,1.32412597093,-1.5980730161049403
8000,0.044695263480085429,0.046779617639640302,-0.36417289315181633,1.2442533469421533,-1.6084262400939697
